{"stats":{"minecraft:custom":{"minecraft:time_since_rest":3714,"minecraft:sprint_one_cm":118633,"minecraft:damage_taken":62,"minecraft:walk_one_cm":340861,"minecraft:mob_kills":1,"minecraft:drop":7,"minecraft:damage_dealt":100,"minecraft:interact_with_crafting_table":14,"minecraft:fly_one_cm":10205308,"minecraft:open_barrel":1,"minecraft:pig_one_cm":356,"minecraft:play_one_minute":600836,"minecraft:crouch_one_cm":31059,"minecraft:deaths":7,"minecraft:sneak_time":51442,"minecraft:walk_under_water_one_cm":2525,"minecraft:jump":1724,"minecraft:eat_cake_slice":7,"minecraft:leave_game":31,"minecraft:walk_on_water_one_cm":2796,"minecraft:time_since_death":3694,"minecraft:climb_one_cm":25188,"minecraft:damage_resisted":308,"minecraft:fall_one_cm":3696,"minecraft:inspect_dispenser":20},"minecraft:killed":{"minecraft:pig":1},"minecraft:dropped":{"minecraft:dark_oak_log":1,"minecraft:stripped_dark_oak_log":1,"minecraft:red_sand":3,"minecraft:white_terracotta":1,"minecraft:iron_shovel":1},"minecraft:crafted":{"minecraft:firework_star":448,"minecraft:firework_rocket":960},"minecraft:picked_up":{"minecraft:ladder":2,"minecraft:smooth_red_sandstone":2,"minecraft:lily_pad":1,"minecraft:dark_oak_log":6,"minecraft:stone_pressure_plate":6,"minecraft:orange_terracotta":2,"minecraft:iron_shovel":1,"minecraft:command_block":6,"minecraft:yellow_carpet":4,"minecraft:oak_sign":1,"minecraft:red_sand":5,"minecraft:light_weighted_pressure_plate":4,"minecraft:saddle":4,"minecraft:white_terracotta":1,"minecraft:coal_block":2,"minecraft:stripped_dark_oak_log":2},"minecraft:used":{"minecraft:netherite_sword":4,"minecraft:writable_book":1,"minecraft:sea_lantern":11,"minecraft:red_sand":249,"minecraft:iron_bars":2,"minecraft:firework_rocket":4,"minecraft:stripped_dark_oak_wood":1620,"minecraft:command_block":58,"minecraft:dark_oak_log":1504,"minecraft:cut_red_sandstone_slab":2,"minecraft:light_weighted_pressure_plate":17,"minecraft:spruce_wood":26,"minecraft:oak_stairs":2,"minecraft:spruce_slab":5,"minecraft:dispenser":22,"minecraft:redstone":2,"minecraft:barrier":147,"minecraft:ladder":136,"minecraft:oak_planks":1,"minecraft:oak_sign":18,"minecraft:spruce_planks":18,"minecraft:dark_oak_wood":940,"minecraft:spruce_trapdoor":13,"minecraft:terracotta":118,"minecraft:barrel":1,"minecraft:item_frame":5,"minecraft:coal_block":1105,"minecraft:netherrack":521,"minecraft:repeater":3,"minecraft:smooth_red_sandstone_slab":292,"minecraft:orange_carpet":11,"minecraft:birch_trapdoor":28,"minecraft:red_stained_glass_pane":107,"minecraft:brown_carpet":10,"minecraft:stripped_dark_oak_log":1089,"minecraft:crafting_table":1,"minecraft:porkchop":1,"minecraft:smooth_red_sandstone":825,"minecraft:campfire":10,"minecraft:yellow_carpet":88,"minecraft:stone_pressure_plate":42,"minecraft:observer":50,"minecraft:orange_terracotta":1715,"minecraft:smooth_red_sandstone_stairs":277,"minecraft:cake":1,"minecraft:splash_potion":21,"minecraft:nether_gold_ore":19}},"DataVersion":2584}